{"cameraMode":{"drawMode":0,"name":"Shaded","section":"Shading Mode"},"sceneLighting":false,"audioPlay":false,"sceneViewState":{"showFog":true,"showMaterialUpdate":false,"showSkybox":true,"showFlares":true,"showImageEffects":true,"showParticleSystems":true},"in2DMode":false,"pivot":{"x":94.12432098388672,"y":39.59051513671875,"z":192.1630401611328},"rotation":{"x":0.15017829835414887,"y":-0.012429017573595047,"z":0.014987887814640999,"w":0.9923471212387085},"size":33.371498107910159,"orthographic":false}