{"cameraMode":{"drawMode":0,"name":"Shaded","section":"Shading Mode"},"sceneLighting":false,"audioPlay":false,"sceneViewState":{"showFog":true,"showMaterialUpdate":false,"showSkybox":true,"showFlares":true,"showImageEffects":true,"showParticleSystems":true},"in2DMode":false,"pivot":{"x":1.1605846881866456,"y":2.988852024078369,"z":7.525598526000977},"rotation":{"x":-0.25783848762512209,"y":-0.22278060019016267,"z":0.060419343411922458,"w":-0.9389066696166992},"size":6.768810272216797,"orthographic":false}