{"cameraMode":{"drawMode":0,"name":"Shaded","section":"Shading Mode"},"sceneLighting":false,"audioPlay":false,"sceneViewState":{"showFog":true,"showMaterialUpdate":false,"showSkybox":true,"showFlares":true,"showImageEffects":true,"showParticleSystems":true},"in2DMode":false,"pivot":{"x":-1.8574132919311524,"y":-1.2954998016357422,"z":13.821550369262696},"rotation":{"x":0.3104821741580963,"y":-0.022114912047982217,"z":-0.0017001999076455832,"w":0.9512538909912109},"size":22.0,"orthographic":false}