{"cameraMode":{"drawMode":0,"name":"Shaded","section":"Shading Mode"},"sceneLighting":false,"audioPlay":false,"sceneViewState":{"showFog":true,"showMaterialUpdate":false,"showSkybox":true,"showFlares":true,"showImageEffects":true,"showParticleSystems":true},"in2DMode":false,"pivot":{"x":88.7259292602539,"y":33.37639236450195,"z":45.34213638305664},"rotation":{"x":-0.21700024604797364,"y":-0.3460819125175476,"z":0.08022794872522354,"w":-0.9097869992256165},"size":61.918949127197269,"orthographic":false}