{"cameraMode":{"drawMode":0,"name":"Shaded","section":"Shading Mode"},"sceneLighting":true,"audioPlay":false,"sceneViewState":{"showFog":true,"showMaterialUpdate":false,"showSkybox":true,"showFlares":true,"showImageEffects":true,"showParticleSystems":true},"in2DMode":false,"pivot":{"x":6.216564655303955,"y":11.798465728759766,"z":-8.952662467956543},"rotation":{"x":-0.27423152327537539,"y":-0.02174152061343193,"z":0.006953032221645117,"w":-0.9616474509239197},"size":1.7864686250686646,"orthographic":false}