{"cameraMode":{"drawMode":0,"name":"Shaded","section":"Shading Mode"},"sceneLighting":false,"audioPlay":false,"sceneViewState":{"showFog":true,"showMaterialUpdate":false,"showSkybox":true,"showFlares":true,"showImageEffects":true,"showParticleSystems":true},"in2DMode":false,"pivot":{"x":135.66712951660157,"y":19.064298629760743,"z":207.58370971679688},"rotation":{"x":-0.16929851472377778,"y":0.7504975199699402,"z":-0.23739945888519288,"w":-0.5994582772254944},"size":29.608776092529298,"orthographic":false}