{"cameraMode":{"drawMode":0,"name":"Shaded","section":"Shading Mode"},"sceneLighting":false,"audioPlay":false,"sceneViewState":{"showFog":true,"showMaterialUpdate":false,"showSkybox":true,"showFlares":true,"showImageEffects":true,"showParticleSystems":true},"in2DMode":false,"pivot":{"x":77.60943603515625,"y":45.998897552490237,"z":66.2787857055664},"rotation":{"x":0.32614827156066897,"y":-0.31984302401542666,"z":0.11831919848918915,"w":0.881674587726593},"size":60.960750579833987,"orthographic":false}