{"cameraMode":{"drawMode":0,"name":"Shaded","section":"Shading Mode"},"sceneLighting":true,"audioPlay":false,"sceneViewState":{"showFog":true,"showMaterialUpdate":false,"showSkybox":true,"showFlares":true,"showImageEffects":true,"showParticleSystems":true},"in2DMode":false,"pivot":{"x":0.45644471049308779,"y":-4.412282943725586,"z":19.1369686126709},"rotation":{"x":0.19667471945285798,"y":-0.07593845576047898,"z":0.013185585848987103,"w":0.977928638458252},"size":31.64188003540039,"orthographic":false}