{"cameraMode":{"drawMode":0,"name":"Shaded","section":"Shading Mode"},"sceneLighting":false,"audioPlay":false,"sceneViewState":{"showFog":true,"showMaterialUpdate":false,"showSkybox":true,"showFlares":true,"showImageEffects":true,"showParticleSystems":true},"in2DMode":false,"pivot":{"x":99.09100341796875,"y":-8.446525573730469,"z":-8.18431568145752},"rotation":{"x":-0.0011437719222158194,"y":-0.9919772744178772,"z":0.09068708121776581,"w":-0.10479550063610077},"size":72.65131378173828,"orthographic":false}