{"cameraMode":{"drawMode":0,"name":"Shaded","section":"Shading Mode"},"sceneLighting":true,"audioPlay":false,"sceneViewState":{"showFog":true,"showMaterialUpdate":false,"showSkybox":true,"showFlares":true,"showImageEffects":true,"showParticleSystems":true},"in2DMode":false,"pivot":{"x":-6.276566028594971,"y":0.0000036412432109500516,"z":-33.52991485595703},"rotation":{"x":-0.023333126679062845,"y":0.969170093536377,"z":-0.09946602582931519,"w":-0.22580531239509583},"size":30.34075164794922,"orthographic":false}