{"cameraMode":{"drawMode":0,"name":"Shaded","section":"Shading Mode"},"sceneLighting":false,"audioPlay":false,"sceneViewState":{"showFog":true,"showMaterialUpdate":false,"showSkybox":true,"showFlares":true,"showImageEffects":true,"showParticleSystems":true},"in2DMode":false,"pivot":{"x":73.45590209960938,"y":-14.426094055175782,"z":246.68133544921876},"rotation":{"x":-0.196808859705925,"y":0.6458605527877808,"z":-0.19707730412483216,"w":-0.7109265923500061},"size":60.094947814941409,"orthographic":false}