{"cameraMode":{"drawMode":0,"name":"Shaded","section":"Shading Mode"},"sceneLighting":false,"audioPlay":false,"sceneViewState":{"showFog":true,"showMaterialUpdate":false,"showSkybox":true,"showFlares":true,"showImageEffects":true,"showParticleSystems":true},"in2DMode":false,"pivot":{"x":69.48523712158203,"y":31.1955623626709,"z":42.00909423828125},"rotation":{"x":0.24281913042068482,"y":0.044917669147253039,"z":-0.010596862062811852,"w":0.969668984413147},"size":6.768810272216797,"orthographic":false}