{"cameraMode":{"drawMode":0,"name":"Shaded","section":"Shading Mode"},"sceneLighting":false,"audioPlay":false,"sceneViewState":{"showFog":true,"showMaterialUpdate":false,"showSkybox":true,"showFlares":true,"showImageEffects":true,"showParticleSystems":true},"in2DMode":false,"pivot":{"x":74.9629135131836,"y":-3.1402742862701418,"z":167.07284545898438},"rotation":{"x":-0.19346943497657777,"y":0.7813214063644409,"z":-0.2920316159725189,"w":-0.5167083144187927},"size":66.59866333007813,"orthographic":false}