{"cameraMode":{"drawMode":0,"name":"Shaded","section":"Shading Mode"},"sceneLighting":true,"audioPlay":false,"sceneViewState":{"showFog":true,"showMaterialUpdate":false,"showSkybox":true,"showFlares":true,"showImageEffects":true,"showParticleSystems":true},"in2DMode":false,"pivot":{"x":21.88052749633789,"y":-5.535608768463135,"z":-3.6456456184387209},"rotation":{"x":0.148529052734375,"y":0.6956161260604858,"z":-0.15094560384750367,"w":0.6869914531707764},"size":34.97654342651367,"orthographic":false}