{"cameraMode":{"drawMode":0,"name":"Shaded","section":"Shading Mode"},"sceneLighting":false,"audioPlay":false,"sceneViewState":{"showFog":true,"showMaterialUpdate":false,"showSkybox":false,"showFlares":true,"showImageEffects":true,"showParticleSystems":true},"in2DMode":false,"pivot":{"x":-3.2848472595214845,"y":2.2032995223999025,"z":0.4748764634132385},"rotation":{"x":-0.19440452754497529,"y":-0.4382179081439972,"z":0.09768593311309815,"w":-0.8722036480903626},"size":3.26162052154541,"orthographic":false}