{"cameraMode":{"drawMode":0,"name":"Shaded","section":"Shading Mode"},"sceneLighting":true,"audioPlay":false,"sceneViewState":{"showFog":true,"showMaterialUpdate":false,"showSkybox":true,"showFlares":true,"showImageEffects":true,"showParticleSystems":true},"in2DMode":false,"pivot":{"x":-16.002187728881837,"y":-3.8710145950317385,"z":-19.807706832885743},"rotation":{"x":0.1250801682472229,"y":-0.8347833156585693,"z":0.20605948567390443,"w":0.49605464935302737},"size":31.64188003540039,"orthographic":false}