{"cameraMode":{"drawMode":0,"name":"Shaded","section":"Shading Mode"},"sceneLighting":true,"audioPlay":false,"sceneViewState":{"showFog":true,"showMaterialUpdate":false,"showSkybox":true,"showFlares":true,"showImageEffects":true,"showParticleSystems":true},"in2DMode":false,"pivot":{"x":21.815305709838868,"y":-12.305132865905762,"z":-3.7803101539611818},"rotation":{"x":0.24464069306850434,"y":0.6888846158981323,"z":-0.2693856954574585,"w":0.627463161945343},"size":30.34075164794922,"orthographic":false}