{"cameraMode":{"drawMode":0,"name":"Shaded","section":"Shading Mode"},"sceneLighting":false,"audioPlay":false,"sceneViewState":{"showFog":true,"showMaterialUpdate":false,"showSkybox":true,"showFlares":true,"showImageEffects":true,"showParticleSystems":true},"in2DMode":false,"pivot":{"x":73.22938537597656,"y":7.896426200866699,"z":147.66049194335938},"rotation":{"x":-0.006139054894447327,"y":-0.9737352132797241,"z":0.2268129140138626,"w":-0.026692841202020646},"size":61.918949127197269,"orthographic":false}